{
  "name": "ionic-modal-select",
  "version": "1.3.1",
  "homepage": "https://github.com/inmagik/ionic-modal-select",
  "authors": [
    "Mauro Bianchi <bianchimro@gmail.com>"
  ],
  "description": "Modal select for ionic framework",
  "main": [
    "dist/ionic-modal-select.js"
  ],
  "keywords": [
    "ionic",
    "modal",
    "select"
  ],
  "license": "MIT",
  "ignore": [
    "**/.*",
    "node_modules",
    "bower_components",
    "test",
    "tests"
  ],
  "devDependencies": {
    "ionic": "~1.1.1",
    "angular-mocks": "1.4.3"
  },
  "_release": "1.3.1",
  "_resolution": {
    "type": "version",
    "tag": "v1.3.1",
    "commit": "0817eb77a4cc6107fe700fa79fa8535cc0927011"
  },
  "_source": "https://github.com/inmagik/ionic-modal-select.git",
  "_target": "^1.3.1",
  "_originalSource": "ionic-modal-select"
}